<?xml version="1.0" encoding="UTF-8"?>
<templates xml:space="preserve">
    <t t-name="manzana_elearning.attendance_beneficiary">
        <t t-if="!state.isAttendanceSubmitted">
            <div class="">
                <div class="o_asistencias_component">
                    <h2>Asistencias</h2>
                    <div class="">
                        <div class="form-group d-flex flex-row align-items-center">
                            <label for="dtBrowser"><strong>Fecha: </strong></label>
                                <DateTimeInput
                                type="'date'"
                                value="state.date"
                                onChange.bind="onDateChanged"
                                minDate="state.today"
                                maxDate="state.today"
                                placeholder="'Today'"/>
                        </div>
                    </div>
                </div>

                <table class="table">
                    <thead>
                        <tr>
                        <th scope="col">#</th>
                        <th scope="col">Alumno/Beneficiario</th>
                        <th scope="col">Asistió</th>
                        <th scope="col">No Asistió</th>
                        <th scope="col">Falta Justificada</th>
                        </tr>
                    </thead>
                    <tbody>
                        <t t-foreach="state.beneficiaries" t-as="beneficiary" t-key="beneficiary.id">
                            <tr>
                            <th scope="row"><span t-esc="beneficiary.id"/></th>
                            <td><span t-esc="beneficiary.name"/></td>
                            <td>
                                <CheckBox value="beneficiary.attendance" disabled="true" onChange.bind="() => this.onOptionChanged(beneficiary.id, 'attendance')"
                                            />
                            </td>
                            <td>
                                <CheckBox value="beneficiary.absent" disabled="" onChange.bind="() => this.onOptionChanged(beneficiary.id, 'absent')"
                                            />
                            </td>
                            <td>
                                <CheckBox value="beneficiary.justified" disabled="" onChange.bind="() => this.onOptionChanged(beneficiary.id, 'justified')"
                                            />
                            </td>
                            </tr>
                        </t>
                    </tbody>
                </table>

                <button t-on-click="saveAttendances" class="btn btn-primary">
                    Guardar Asistencias
                </button>
            </div>
        </t>
        <t t-else="">
            <div class="attendance-submitted text-center p-5">
                    <i class="fa fa-check-circle text-success" style="font-size: 48px;"></i>
                    <h3 class="mt-3">¡Asistencia Registrada!</h3>
                    <p class="text-muted">
                        La asistencia del día <t t-esc="state.dateToday"/> 
                        ya ha sido registrada correctamente.
                    </p>
                    <p class="mt-4">
                        Vuelva mañana para registrar la siguiente asistencia.
                    </p>
                </div>
        </t>
    </t>
</templates>